Link,Title
https://www.youtube.com/watch?v=bsFZpLNwueY&index=2&list=PLI6bDyv0uVQBDIuRCrzQGFF2WaXIXvjb5,0ȸ
https://www.youtube.com/watch?v=nos-aVtxvGo&index=3&list=PLI6bDyv0uVQBDIuRCrzQGFF2WaXIXvjb5,1ȸ
https://www.youtube.com/watch?v=gujoyMHgVG4&index=4&list=PLI6bDyv0uVQBDIuRCrzQGFF2WaXIXvjb5,2ȸ
https://www.youtube.com/watch?v=RvMjD8Qmnws&list=PLI6bDyv0uVQBDIuRCrzQGFF2WaXIXvjb5&index=5,3ȸ
https://www.youtube.com/watch?v=4RIAXlLt95w&index=6&list=PLI6bDyv0uVQBDIuRCrzQGFF2WaXIXvjb5,4ȸ
https://www.youtube.com/watch?v=WCVuo3xUr7U&list=PLI6bDyv0uVQBDIuRCrzQGFF2WaXIXvjb5&index=7,5ȸ
https://www.youtube.com/watch?v=qk0-m_LARCY&index=34&list=PL8dPuuaLjXtN-Bd-H_TGq72CN50Fpv_JX,1
https://www.youtube.com/watch?v=VoZMOmjXENU&list=PL8dPuuaLjXtN-Bd-H_TGq72CN50Fpv_JX&index=35,2
https://www.youtube.com/watch?v=tk4dIgIG5Qs&index=36&list=PL8dPuuaLjXtN-Bd-H_TGq72CN50Fpv_JX,3
https://www.youtube.com/watch?v=gOp7tYFk-38&list=PL8dPuuaLjXtN-Bd-H_TGq72CN50Fpv_JX&index=37,4
https://www.youtube.com/watch?v=98QmnyyIXsY&index=38&list=PL8dPuuaLjXtN-Bd-H_TGq72CN50Fpv_JX,5
